PassengerId,Pclass,Age,SibSp,Parch,Fare,Title,Sex_female,Sex_male,"Embarked_0    S
Name: Embarked, dtype: object",Embarked_C,Embarked_Q,Embarked_S,Survived
1,3,22.0,1,0,7.25,12,0.0,1.0,0.0,0.0,0.0,1.0,0
2,1,38.0,1,0,71.2833,13,1.0,0.0,0.0,1.0,0.0,0.0,1
3,3,26.0,0,0,7.925,9,1.0,0.0,0.0,0.0,0.0,1.0,1
4,1,35.0,1,0,53.1,13,1.0,0.0,0.0,0.0,0.0,1.0,1
5,3,35.0,0,0,8.05,12,0.0,1.0,0.0,0.0,0.0,1.0,0
6,3,29.69911764705882,0,0,8.4583,12,0.0,1.0,0.0,0.0,1.0,0.0,0
7,1,54.0,0,0,51.8625,12,0.0,1.0,0.0,0.0,0.0,1.0,0
8,3,2.0,3,1,21.075,8,0.0,1.0,0.0,0.0,0.0,1.0,0
9,3,27.0,0,2,11.1333,13,1.0,0.0,0.0,0.0,0.0,1.0,1
10,2,14.0,1,0,30.0708,13,1.0,0.0,0.0,1.0,0.0,0.0,1
11,3,4.0,1,1,16.7,9,1.0,0.0,0.0,0.0,0.0,1.0,1
12,1,58.0,0,0,26.55,9,1.0,0.0,0.0,0.0,0.0,1.0,1
13,3,20.0,0,0,8.05,12,0.0,1.0,0.0,0.0,0.0,1.0,0
14,3,39.0,1,5,31.275,12,0.0,1.0,0.0,0.0,0.0,1.0,0
15,3,14.0,0,0,7.8542,9,1.0,0.0,0.0,0.0,0.0,1.0,0
16,2,55.0,0,0,16.0,13,1.0,0.0,0.0,0.0,0.0,1.0,1
17,3,2.0,4,1,29.125,8,0.0,1.0,0.0,0.0,1.0,0.0,0
18,2,29.69911764705882,0,0,13.0,12,0.0,1.0,0.0,0.0,0.0,1.0,1
19,3,31.0,1,0,18.0,13,1.0,0.0,0.0,0.0,0.0,1.0,0
20,3,29.69911764705882,0,0,7.225,13,1.0,0.0,0.0,1.0,0.0,0.0,1
21,2,35.0,0,0,26.0,12,0.0,1.0,0.0,0.0,0.0,1.0,0
22,2,34.0,0,0,13.0,12,0.0,1.0,0.0,0.0,0.0,1.0,1
23,3,15.0,0,0,8.0292,9,1.0,0.0,0.0,0.0,1.0,0.0,1
24,1,28.0,0,0,35.5,12,0.0,1.0,0.0,0.0,0.0,1.0,1
25,3,8.0,3,1,21.075,9,1.0,0.0,0.0,0.0,0.0,1.0,0
26,3,38.0,1,5,31.3875,13,1.0,0.0,0.0,0.0,0.0,1.0,1
27,3,29.69911764705882,0,0,7.225,12,0.0,1.0,0.0,1.0,0.0,0.0,0
28,1,19.0,3,2,263.0,12,0.0,1.0,0.0,0.0,0.0,1.0,0
29,3,29.69911764705882,0,0,7.8792,9,1.0,0.0,0.0,0.0,1.0,0.0,1
30,3,29.69911764705882,0,0,7.8958,12,0.0,1.0,0.0,0.0,0.0,1.0,0
31,1,40.0,0,0,27.7208,3,0.0,1.0,0.0,1.0,0.0,0.0,0
32,1,29.69911764705882,1,0,146.5208,13,1.0,0.0,0.0,1.0,0.0,0.0,1
33,3,29.69911764705882,0,0,7.75,9,1.0,0.0,0.0,0.0,1.0,0.0,1
34,2,66.0,0,0,10.5,12,0.0,1.0,0.0,0.0,0.0,1.0,0
35,1,28.0,1,0,82.1708,12,0.0,1.0,0.0,1.0,0.0,0.0,0
36,1,42.0,1,0,52.0,12,0.0,1.0,0.0,0.0,0.0,1.0,0
37,3,29.69911764705882,0,0,7.2292,12,0.0,1.0,0.0,1.0,0.0,0.0,1
38,3,21.0,0,0,8.05,12,0.0,1.0,0.0,0.0,0.0,1.0,0
39,3,18.0,2,0,18.0,9,1.0,0.0,0.0,0.0,0.0,1.0,0
40,3,14.0,1,0,11.2417,9,1.0,0.0,0.0,1.0,0.0,0.0,1
41,3,40.0,1,0,9.475,13,1.0,0.0,0.0,0.0,0.0,1.0,0
42,2,27.0,1,0,21.0,13,1.0,0.0,0.0,0.0,0.0,1.0,0
43,3,29.69911764705882,0,0,7.8958,12,0.0,1.0,0.0,1.0,0.0,0.0,0
44,2,3.0,1,2,41.5792,9,1.0,0.0,0.0,1.0,0.0,0.0,1
45,3,19.0,0,0,7.8792,9,1.0,0.0,0.0,0.0,1.0,0.0,1
46,3,29.69911764705882,0,0,8.05,12,0.0,1.0,0.0,0.0,0.0,1.0,0
47,3,29.69911764705882,1,0,15.5,12,0.0,1.0,0.0,0.0,1.0,0.0,0
48,3,29.69911764705882,0,0,7.75,9,1.0,0.0,0.0,0.0,1.0,0.0,1
49,3,29.69911764705882,2,0,21.6792,12,0.0,1.0,0.0,1.0,0.0,0.0,0
50,3,18.0,1,0,17.8,13,1.0,0.0,0.0,0.0,0.0,1.0,0
51,3,7.0,4,1,39.6875,8,0.0,1.0,0.0,0.0,0.0,1.0,0
52,3,21.0,0,0,7.8,12,0.0,1.0,0.0,0.0,0.0,1.0,0
53,1,49.0,1,0,76.7292,13,1.0,0.0,0.0,1.0,0.0,0.0,1
54,2,29.0,1,0,26.0,13,1.0,0.0,0.0,0.0,0.0,1.0,1
55,1,65.0,0,1,61.9792,12,0.0,1.0,0.0,1.0,0.0,0.0,0
56,1,29.69911764705882,0,0,35.5,12,0.0,1.0,0.0,0.0,0.0,1.0,1
57,2,21.0,0,0,10.5,9,1.0,0.0,0.0,0.0,0.0,1.0,1
58,3,28.5,0,0,7.2292,12,0.0,1.0,0.0,1.0,0.0,0.0,0
59,2,5.0,1,2,27.75,9,1.0,0.0,0.0,0.0,0.0,1.0,1
60,3,11.0,5,2,46.9,8,0.0,1.0,0.0,0.0,0.0,1.0,0
61,3,22.0,0,0,7.2292,12,0.0,1.0,0.0,1.0,0.0,0.0,0
62,1,38.0,0,0,80.0,9,1.0,0.0,1.0,0.0,0.0,0.0,1
63,1,45.0,1,0,83.475,12,0.0,1.0,0.0,0.0,0.0,1.0,0
64,3,4.0,3,2,27.9,8,0.0,1.0,0.0,0.0,0.0,1.0,0
65,1,29.69911764705882,0,0,27.7208,12,0.0,1.0,0.0,1.0,0.0,0.0,0
66,3,29.69911764705882,1,1,15.2458,8,0.0,1.0,0.0,1.0,0.0,0.0,1
67,2,29.0,0,0,10.5,13,1.0,0.0,0.0,0.0,0.0,1.0,1
68,3,19.0,0,0,8.1583,12,0.0,1.0,0.0,0.0,0.0,1.0,0
69,3,17.0,4,2,7.925,9,1.0,0.0,0.0,0.0,0.0,1.0,1
70,3,26.0,2,0,8.6625,12,0.0,1.0,0.0,0.0,0.0,1.0,0
71,2,32.0,0,0,10.5,12,0.0,1.0,0.0,0.0,0.0,1.0,0
72,3,16.0,5,2,46.9,9,1.0,0.0,0.0,0.0,0.0,1.0,0
73,2,21.0,0,0,73.5,12,0.0,1.0,0.0,0.0,0.0,1.0,0
74,3,26.0,1,0,14.4542,12,0.0,1.0,0.0,1.0,0.0,0.0,0
75,3,32.0,0,0,56.4958,12,0.0,1.0,0.0,0.0,0.0,1.0,1
76,3,25.0,0,0,7.65,12,0.0,1.0,0.0,0.0,0.0,1.0,0
77,3,29.69911764705882,0,0,7.8958,12,0.0,1.0,0.0,0.0,0.0,1.0,0
78,3,29.69911764705882,0,0,8.05,12,0.0,1.0,0.0,0.0,0.0,1.0,0
79,2,0.83,0,2,29.0,8,0.0,1.0,0.0,0.0,0.0,1.0,1
80,3,30.0,0,0,12.475,9,1.0,0.0,0.0,0.0,0.0,1.0,1
81,3,22.0,0,0,9.0,12,0.0,1.0,0.0,0.0,0.0,1.0,0
82,3,29.0,0,0,9.5,12,0.0,1.0,0.0,0.0,0.0,1.0,1
83,3,29.69911764705882,0,0,7.7875,9,1.0,0.0,0.0,0.0,1.0,0.0,1
84,1,28.0,0,0,47.1,12,0.0,1.0,0.0,0.0,0.0,1.0,0
85,2,17.0,0,0,10.5,9,1.0,0.0,0.0,0.0,0.0,1.0,1
86,3,33.0,3,0,15.85,13,1.0,0.0,0.0,0.0,0.0,1.0,1
87,3,16.0,1,3,34.375,12,0.0,1.0,0.0,0.0,0.0,1.0,0
88,3,29.69911764705882,0,0,8.05,12,0.0,1.0,0.0,0.0,0.0,1.0,0
89,1,23.0,3,2,263.0,9,1.0,0.0,0.0,0.0,0.0,1.0,1
90,3,24.0,0,0,8.05,12,0.0,1.0,0.0,0.0,0.0,1.0,0
91,3,29.0,0,0,8.05,12,0.0,1.0,0.0,0.0,0.0,1.0,0
92,3,20.0,0,0,7.8542,12,0.0,1.0,0.0,0.0,0.0,1.0,0
93,1,46.0,1,0,61.175,12,0.0,1.0,0.0,0.0,0.0,1.0,0
94,3,26.0,1,2,20.575,12,0.0,1.0,0.0,0.0,0.0,1.0,0
95,3,59.0,0,0,7.25,12,0.0,1.0,0.0,0.0,0.0,1.0,0
96,3,29.69911764705882,0,0,8.05,12,0.0,1.0,0.0,0.0,0.0,1.0,0
97,1,71.0,0,0,34.6542,12,0.0,1.0,0.0,1.0,0.0,0.0,0
98,1,23.0,0,1,63.3583,12,0.0,1.0,0.0,1.0,0.0,0.0,1
99,2,34.0,0,1,23.0,13,1.0,0.0,0.0,0.0,0.0,1.0,1
100,2,34.0,1,0,26.0,12,0.0,1.0,0.0,0.0,0.0,1.0,0
101,3,28.0,0,0,7.8958,9,1.0,0.0,0.0,0.0,0.0,1.0,0
102,3,29.69911764705882,0,0,7.8958,12,0.0,1.0,0.0,0.0,0.0,1.0,0
103,1,21.0,0,1,77.2875,12,0.0,1.0,0.0,0.0,0.0,1.0,0
104,3,33.0,0,0,8.6542,12,0.0,1.0,0.0,0.0,0.0,1.0,0
105,3,37.0,2,0,7.925,12,0.0,1.0,0.0,0.0,0.0,1.0,0
106,3,28.0,0,0,7.8958,12,0.0,1.0,0.0,0.0,0.0,1.0,0
107,3,21.0,0,0,7.65,9,1.0,0.0,0.0,0.0,0.0,1.0,1
108,3,29.69911764705882,0,0,7.775,12,0.0,1.0,0.0,0.0,0.0,1.0,1
109,3,38.0,0,0,7.8958,12,0.0,1.0,0.0,0.0,0.0,1.0,0
110,3,29.69911764705882,1,0,24.15,9,1.0,0.0,0.0,0.0,1.0,0.0,1
111,1,47.0,0,0,52.0,12,0.0,1.0,0.0,0.0,0.0,1.0,0
112,3,14.5,1,0,14.4542,9,1.0,0.0,0.0,1.0,0.0,0.0,0
113,3,22.0,0,0,8.05,12,0.0,1.0,0.0,0.0,0.0,1.0,0
114,3,20.0,1,0,9.825,9,1.0,0.0,0.0,0.0,0.0,1.0,0
115,3,17.0,0,0,14.4583,9,1.0,0.0,0.0,1.0,0.0,0.0,0
116,3,21.0,0,0,7.925,12,0.0,1.0,0.0,0.0,0.0,1.0,0
117,3,70.5,0,0,7.75,12,0.0,1.0,0.0,0.0,1.0,0.0,0
118,2,29.0,1,0,21.0,12,0.0,1.0,0.0,0.0,0.0,1.0,0
119,1,24.0,0,1,247.5208,12,0.0,1.0,0.0,1.0,0.0,0.0,0
120,3,2.0,4,2,31.275,9,1.0,0.0,0.0,0.0,0.0,1.0,0
121,2,21.0,2,0,73.5,12,0.0,1.0,0.0,0.0,0.0,1.0,0
122,3,29.69911764705882,0,0,8.05,12,0.0,1.0,0.0,0.0,0.0,1.0,0
123,2,32.5,1,0,30.0708,12,0.0,1.0,0.0,1.0,0.0,0.0,0
124,2,32.5,0,0,13.0,9,1.0,0.0,0.0,0.0,0.0,1.0,1
125,1,54.0,0,1,77.2875,12,0.0,1.0,0.0,0.0,0.0,1.0,0
126,3,12.0,1,0,11.2417,8,0.0,1.0,0.0,1.0,0.0,0.0,1
127,3,29.69911764705882,0,0,7.75,12,0.0,1.0,0.0,0.0,1.0,0.0,0
128,3,24.0,0,0,7.1417,12,0.0,1.0,0.0,0.0,0.0,1.0,1
129,3,29.69911764705882,1,1,22.3583,9,1.0,0.0,0.0,1.0,0.0,0.0,1
130,3,45.0,0,0,6.975,12,0.0,1.0,0.0,0.0,0.0,1.0,0
131,3,33.0,0,0,7.8958,12,0.0,1.0,0.0,1.0,0.0,0.0,0
132,3,20.0,0,0,7.05,12,0.0,1.0,0.0,0.0,0.0,1.0,0
133,3,47.0,1,0,14.5,13,1.0,0.0,0.0,0.0,0.0,1.0,0
134,2,29.0,1,0,26.0,13,1.0,0.0,0.0,0.0,0.0,1.0,1
135,2,25.0,0,0,13.0,12,0.0,1.0,0.0,0.0,0.0,1.0,0
136,2,23.0,0,0,15.0458,12,0.0,1.0,0.0,1.0,0.0,0.0,0
137,1,19.0,0,2,26.2833,9,1.0,0.0,0.0,0.0,0.0,1.0,1
138,1,37.0,1,0,53.1,12,0.0,1.0,0.0,0.0,0.0,1.0,0
139,3,16.0,0,0,9.2167,12,0.0,1.0,0.0,0.0,0.0,1.0,0
140,1,24.0,0,0,79.2,12,0.0,1.0,0.0,1.0,0.0,0.0,0
141,3,29.69911764705882,0,2,15.2458,13,1.0,0.0,0.0,1.0,0.0,0.0,0
142,3,22.0,0,0,7.75,9,1.0,0.0,0.0,0.0,0.0,1.0,1
143,3,24.0,1,0,15.85,13,1.0,0.0,0.0,0.0,0.0,1.0,1
144,3,19.0,0,0,6.75,12,0.0,1.0,0.0,0.0,1.0,0.0,0
145,2,18.0,0,0,11.5,12,0.0,1.0,0.0,0.0,0.0,1.0,0
146,2,19.0,1,1,36.75,12,0.0,1.0,0.0,0.0,0.0,1.0,0
147,3,27.0,0,0,7.7958,12,0.0,1.0,0.0,0.0,0.0,1.0,1
148,3,9.0,2,2,34.375,9,1.0,0.0,0.0,0.0,0.0,1.0,0
149,2,36.5,0,2,26.0,12,0.0,1.0,0.0,0.0,0.0,1.0,0
150,2,42.0,0,0,13.0,15,0.0,1.0,0.0,0.0,0.0,1.0,0
151,2,51.0,0,0,12.525,15,0.0,1.0,0.0,0.0,0.0,1.0,0
152,1,22.0,1,0,66.6,13,1.0,0.0,0.0,0.0,0.0,1.0,1
153,3,55.5,0,0,8.05,12,0.0,1.0,0.0,0.0,0.0,1.0,0
154,3,40.5,0,2,14.5,12,0.0,1.0,0.0,0.0,0.0,1.0,0
155,3,29.69911764705882,0,0,7.3125,12,0.0,1.0,0.0,0.0,0.0,1.0,0
156,1,51.0,0,1,61.3792,12,0.0,1.0,0.0,1.0,0.0,0.0,0
157,3,16.0,0,0,7.7333,9,1.0,0.0,0.0,0.0,1.0,0.0,1
158,3,30.0,0,0,8.05,12,0.0,1.0,0.0,0.0,0.0,1.0,0
159,3,29.69911764705882,0,0,8.6625,12,0.0,1.0,0.0,0.0,0.0,1.0,0
160,3,29.69911764705882,8,2,69.55,8,0.0,1.0,0.0,0.0,0.0,1.0,0
161,3,44.0,0,1,16.1,12,0.0,1.0,0.0,0.0,0.0,1.0,0
162,2,40.0,0,0,15.75,13,1.0,0.0,0.0,0.0,0.0,1.0,1
163,3,26.0,0,0,7.775,12,0.0,1.0,0.0,0.0,0.0,1.0,0
164,3,17.0,0,0,8.6625,12,0.0,1.0,0.0,0.0,0.0,1.0,0
165,3,1.0,4,1,39.6875,8,0.0,1.0,0.0,0.0,0.0,1.0,0
166,3,9.0,0,2,20.525,8,0.0,1.0,0.0,0.0,0.0,1.0,1
167,1,29.69911764705882,0,1,55.0,13,1.0,0.0,0.0,0.0,0.0,1.0,1
168,3,45.0,1,4,27.9,13,1.0,0.0,0.0,0.0,0.0,1.0,0
169,1,29.69911764705882,0,0,25.925,12,0.0,1.0,0.0,0.0,0.0,1.0,0
170,3,28.0,0,0,56.4958,12,0.0,1.0,0.0,0.0,0.0,1.0,0
171,1,61.0,0,0,33.5,12,0.0,1.0,0.0,0.0,0.0,1.0,0
172,3,4.0,4,1,29.125,8,0.0,1.0,0.0,0.0,1.0,0.0,0
173,3,1.0,1,1,11.1333,9,1.0,0.0,0.0,0.0,0.0,1.0,1
174,3,21.0,0,0,7.925,12,0.0,1.0,0.0,0.0,0.0,1.0,0
175,1,56.0,0,0,30.6958,12,0.0,1.0,0.0,1.0,0.0,0.0,0
176,3,18.0,1,1,7.8542,12,0.0,1.0,0.0,0.0,0.0,1.0,0
177,3,29.69911764705882,3,1,25.4667,8,0.0,1.0,0.0,0.0,0.0,1.0,0
178,1,50.0,0,0,28.7125,9,1.0,0.0,0.0,1.0,0.0,0.0,0
179,2,30.0,0,0,13.0,12,0.0,1.0,0.0,0.0,0.0,1.0,0
180,3,36.0,0,0,0.0,12,0.0,1.0,0.0,0.0,0.0,1.0,0
181,3,29.69911764705882,8,2,69.55,9,1.0,0.0,0.0,0.0,0.0,1.0,0
182,2,29.69911764705882,0,0,15.05,12,0.0,1.0,0.0,1.0,0.0,0.0,0
183,3,9.0,4,2,31.3875,8,0.0,1.0,0.0,0.0,0.0,1.0,0
184,2,1.0,2,1,39.0,8,0.0,1.0,0.0,0.0,0.0,1.0,1
185,3,4.0,0,2,22.025,9,1.0,0.0,0.0,0.0,0.0,1.0,1
186,1,29.69911764705882,0,0,50.0,12,0.0,1.0,0.0,0.0,0.0,1.0,0
187,3,29.69911764705882,1,0,15.5,13,1.0,0.0,0.0,0.0,1.0,0.0,1
188,1,45.0,0,0,26.55,12,0.0,1.0,0.0,0.0,0.0,1.0,1
189,3,40.0,1,1,15.5,12,0.0,1.0,0.0,0.0,1.0,0.0,0
190,3,36.0,0,0,7.8958,12,0.0,1.0,0.0,0.0,0.0,1.0,0
191,2,32.0,0,0,13.0,13,1.0,0.0,0.0,0.0,0.0,1.0,1
192,2,19.0,0,0,13.0,12,0.0,1.0,0.0,0.0,0.0,1.0,0
193,3,19.0,1,0,7.8542,9,1.0,0.0,0.0,0.0,0.0,1.0,1
194,2,3.0,1,1,26.0,8,0.0,1.0,0.0,0.0,0.0,1.0,1
195,1,44.0,0,0,27.7208,13,1.0,0.0,0.0,1.0,0.0,0.0,1
196,1,58.0,0,0,146.5208,9,1.0,0.0,0.0,1.0,0.0,0.0,1
197,3,29.69911764705882,0,0,7.75,12,0.0,1.0,0.0,0.0,1.0,0.0,0
198,3,42.0,0,1,8.4042,12,0.0,1.0,0.0,0.0,0.0,1.0,0
199,3,29.69911764705882,0,0,7.75,9,1.0,0.0,0.0,0.0,1.0,0.0,1
200,2,24.0,0,0,13.0,9,1.0,0.0,0.0,0.0,0.0,1.0,0
201,3,28.0,0,0,9.5,12,0.0,1.0,0.0,0.0,0.0,1.0,0
202,3,29.69911764705882,8,2,69.55,12,0.0,1.0,0.0,0.0,0.0,1.0,0
203,3,34.0,0,0,6.4958,12,0.0,1.0,0.0,0.0,0.0,1.0,0
204,3,45.5,0,0,7.225,12,0.0,1.0,0.0,1.0,0.0,0.0,0
205,3,18.0,0,0,8.05,12,0.0,1.0,0.0,0.0,0.0,1.0,1
206,3,2.0,0,1,10.4625,9,1.0,0.0,0.0,0.0,0.0,1.0,0
207,3,32.0,1,0,15.85,12,0.0,1.0,0.0,0.0,0.0,1.0,0
208,3,26.0,0,0,18.7875,12,0.0,1.0,0.0,1.0,0.0,0.0,1
209,3,16.0,0,0,7.75,9,1.0,0.0,0.0,0.0,1.0,0.0,1
210,1,40.0,0,0,31.0,12,0.0,1.0,0.0,1.0,0.0,0.0,1
211,3,24.0,0,0,7.05,12,0.0,1.0,0.0,0.0,0.0,1.0,0
212,2,35.0,0,0,21.0,9,1.0,0.0,0.0,0.0,0.0,1.0,1
213,3,22.0,0,0,7.25,12,0.0,1.0,0.0,0.0,0.0,1.0,0
214,2,30.0,0,0,13.0,12,0.0,1.0,0.0,0.0,0.0,1.0,0
215,3,29.69911764705882,1,0,7.75,12,0.0,1.0,0.0,0.0,1.0,0.0,0
216,1,31.0,1,0,113.275,9,1.0,0.0,0.0,1.0,0.0,0.0,1
217,3,27.0,0,0,7.925,9,1.0,0.0,0.0,0.0,0.0,1.0,1
218,2,42.0,1,0,27.0,12,0.0,1.0,0.0,0.0,0.0,1.0,0
219,1,32.0,0,0,76.2917,9,1.0,0.0,0.0,1.0,0.0,0.0,1
220,2,30.0,0,0,10.5,12,0.0,1.0,0.0,0.0,0.0,1.0,0
221,3,16.0,0,0,8.05,12,0.0,1.0,0.0,0.0,0.0,1.0,1
222,2,27.0,0,0,13.0,12,0.0,1.0,0.0,0.0,0.0,1.0,0
223,3,51.0,0,0,8.05,12,0.0,1.0,0.0,0.0,0.0,1.0,0
224,3,29.69911764705882,0,0,7.8958,12,0.0,1.0,0.0,0.0,0.0,1.0,0
225,1,38.0,1,0,90.0,12,0.0,1.0,0.0,0.0,0.0,1.0,1
226,3,22.0,0,0,9.35,12,0.0,1.0,0.0,0.0,0.0,1.0,0
227,2,19.0,0,0,10.5,12,0.0,1.0,0.0,0.0,0.0,1.0,1
228,3,20.5,0,0,7.25,12,0.0,1.0,0.0,0.0,0.0,1.0,0
229,2,18.0,0,0,13.0,12,0.0,1.0,0.0,0.0,0.0,1.0,0
230,3,29.69911764705882,3,1,25.4667,9,1.0,0.0,0.0,0.0,0.0,1.0,0
231,1,35.0,1,0,83.475,13,1.0,0.0,0.0,0.0,0.0,1.0,1
232,3,29.0,0,0,7.775,12,0.0,1.0,0.0,0.0,0.0,1.0,0
233,2,59.0,0,0,13.5,12,0.0,1.0,0.0,0.0,0.0,1.0,0
234,3,5.0,4,2,31.3875,9,1.0,0.0,0.0,0.0,0.0,1.0,1
235,2,24.0,0,0,10.5,12,0.0,1.0,0.0,0.0,0.0,1.0,0
236,3,29.69911764705882,0,0,7.55,9,1.0,0.0,0.0,0.0,0.0,1.0,0
237,2,44.0,1,0,26.0,12,0.0,1.0,0.0,0.0,0.0,1.0,0
238,2,8.0,0,2,26.25,9,1.0,0.0,0.0,0.0,0.0,1.0,1
239,2,19.0,0,0,10.5,12,0.0,1.0,0.0,0.0,0.0,1.0,0
240,2,33.0,0,0,12.275,12,0.0,1.0,0.0,0.0,0.0,1.0,0
241,3,29.69911764705882,1,0,14.4542,9,1.0,0.0,0.0,1.0,0.0,0.0,0
242,3,29.69911764705882,1,0,15.5,9,1.0,0.0,0.0,0.0,1.0,0.0,1
243,2,29.0,0,0,10.5,12,0.0,1.0,0.0,0.0,0.0,1.0,0
244,3,22.0,0,0,7.125,12,0.0,1.0,0.0,0.0,0.0,1.0,0
245,3,30.0,0,0,7.225,12,0.0,1.0,0.0,1.0,0.0,0.0,0
246,1,44.0,2,0,90.0,4,0.0,1.0,0.0,0.0,1.0,0.0,0
247,3,25.0,0,0,7.775,9,1.0,0.0,0.0,0.0,0.0,1.0,0
248,2,24.0,0,2,14.5,13,1.0,0.0,0.0,0.0,0.0,1.0,1
249,1,37.0,1,1,52.5542,12,0.0,1.0,0.0,0.0,0.0,1.0,1
250,2,54.0,1,0,26.0,15,0.0,1.0,0.0,0.0,0.0,1.0,0
251,3,29.69911764705882,0,0,7.25,12,0.0,1.0,0.0,0.0,0.0,1.0,0
252,3,29.0,1,1,10.4625,13,1.0,0.0,0.0,0.0,0.0,1.0,0
253,1,62.0,0,0,26.55,12,0.0,1.0,0.0,0.0,0.0,1.0,0
254,3,30.0,1,0,16.1,12,0.0,1.0,0.0,0.0,0.0,1.0,0
255,3,41.0,0,2,20.2125,13,1.0,0.0,0.0,0.0,0.0,1.0,0
256,3,29.0,0,2,15.2458,13,1.0,0.0,0.0,1.0,0.0,0.0,1
257,1,29.69911764705882,0,0,79.2,13,1.0,0.0,0.0,1.0,0.0,0.0,1
258,1,30.0,0,0,86.5,9,1.0,0.0,0.0,0.0,0.0,1.0,1
259,1,35.0,0,0,512.3292,9,1.0,0.0,0.0,1.0,0.0,0.0,1
260,2,50.0,0,1,26.0,13,1.0,0.0,0.0,0.0,0.0,1.0,1
261,3,29.69911764705882,0,0,7.75,12,0.0,1.0,0.0,0.0,1.0,0.0,0
262,3,3.0,4,2,31.3875,8,0.0,1.0,0.0,0.0,0.0,1.0,1
263,1,52.0,1,1,79.65,12,0.0,1.0,0.0,0.0,0.0,1.0,0
264,1,40.0,0,0,0.0,12,0.0,1.0,0.0,0.0,0.0,1.0,0
265,3,29.69911764705882,0,0,7.75,9,1.0,0.0,0.0,0.0,1.0,0.0,0
266,2,36.0,0,0,10.5,12,0.0,1.0,0.0,0.0,0.0,1.0,0
267,3,16.0,4,1,39.6875,12,0.0,1.0,0.0,0.0,0.0,1.0,0
268,3,25.0,1,0,7.775,12,0.0,1.0,0.0,0.0,0.0,1.0,1
269,1,58.0,0,1,153.4625,13,1.0,0.0,0.0,0.0,0.0,1.0,1
270,1,35.0,0,0,135.6333,9,1.0,0.0,0.0,0.0,0.0,1.0,1
271,1,29.69911764705882,0,0,31.0,12,0.0,1.0,0.0,0.0,0.0,1.0,0
272,3,25.0,0,0,0.0,12,0.0,1.0,0.0,0.0,0.0,1.0,1
273,2,41.0,0,1,19.5,13,1.0,0.0,0.0,0.0,0.0,1.0,1
274,1,37.0,0,1,29.7,12,0.0,1.0,0.0,1.0,0.0,0.0,0
275,3,29.69911764705882,0,0,7.75,9,1.0,0.0,0.0,0.0,1.0,0.0,1
276,1,63.0,1,0,77.9583,9,1.0,0.0,0.0,0.0,0.0,1.0,1
277,3,45.0,0,0,7.75,9,1.0,0.0,0.0,0.0,0.0,1.0,0
278,2,29.69911764705882,0,0,0.0,12,0.0,1.0,0.0,0.0,0.0,1.0,0
279,3,7.0,4,1,29.125,8,0.0,1.0,0.0,0.0,1.0,0.0,0
280,3,35.0,1,1,20.25,13,1.0,0.0,0.0,0.0,0.0,1.0,1
281,3,65.0,0,0,7.75,12,0.0,1.0,0.0,0.0,1.0,0.0,0
282,3,28.0,0,0,7.8542,12,0.0,1.0,0.0,0.0,0.0,1.0,0
283,3,16.0,0,0,9.5,12,0.0,1.0,0.0,0.0,0.0,1.0,0
284,3,19.0,0,0,8.05,12,0.0,1.0,0.0,0.0,0.0,1.0,1
285,1,29.69911764705882,0,0,26.0,12,0.0,1.0,0.0,0.0,0.0,1.0,0
286,3,33.0,0,0,8.6625,12,0.0,1.0,0.0,1.0,0.0,0.0,0
287,3,30.0,0,0,9.5,12,0.0,1.0,0.0,0.0,0.0,1.0,1
288,3,22.0,0,0,7.8958,12,0.0,1.0,0.0,0.0,0.0,1.0,0
289,2,42.0,0,0,13.0,12,0.0,1.0,0.0,0.0,0.0,1.0,1
290,3,22.0,0,0,7.75,9,1.0,0.0,0.0,0.0,1.0,0.0,1
291,1,26.0,0,0,78.85,9,1.0,0.0,0.0,0.0,0.0,1.0,1
292,1,19.0,1,0,91.0792,13,1.0,0.0,0.0,1.0,0.0,0.0,1
293,2,36.0,0,0,12.875,12,0.0,1.0,0.0,1.0,0.0,0.0,0
294,3,24.0,0,0,8.85,9,1.0,0.0,0.0,0.0,0.0,1.0,0
295,3,24.0,0,0,7.8958,12,0.0,1.0,0.0,0.0,0.0,1.0,0
296,1,29.69911764705882,0,0,27.7208,12,0.0,1.0,0.0,1.0,0.0,0.0,0
297,3,23.5,0,0,7.2292,12,0.0,1.0,0.0,1.0,0.0,0.0,0
298,1,2.0,1,2,151.55,9,1.0,0.0,0.0,0.0,0.0,1.0,0
299,1,29.69911764705882,0,0,30.5,12,0.0,1.0,0.0,0.0,0.0,1.0,1
300,1,50.0,0,1,247.5208,13,1.0,0.0,0.0,1.0,0.0,0.0,1
301,3,29.69911764705882,0,0,7.75,9,1.0,0.0,0.0,0.0,1.0,0.0,1
302,3,29.69911764705882,2,0,23.25,12,0.0,1.0,0.0,0.0,1.0,0.0,1
303,3,19.0,0,0,0.0,12,0.0,1.0,0.0,0.0,0.0,1.0,0
304,2,29.69911764705882,0,0,12.35,9,1.0,0.0,0.0,0.0,1.0,0.0,1
305,3,29.69911764705882,0,0,8.05,12,0.0,1.0,0.0,0.0,0.0,1.0,0
306,1,0.92,1,2,151.55,8,0.0,1.0,0.0,0.0,0.0,1.0,1
307,1,29.69911764705882,0,0,110.8833,9,1.0,0.0,0.0,1.0,0.0,0.0,1
308,1,17.0,1,0,108.9,13,1.0,0.0,0.0,1.0,0.0,0.0,1
309,2,30.0,1,0,24.0,12,0.0,1.0,0.0,1.0,0.0,0.0,0
310,1,30.0,0,0,56.9292,9,1.0,0.0,0.0,1.0,0.0,0.0,1
311,1,24.0,0,0,83.1583,9,1.0,0.0,0.0,1.0,0.0,0.0,1
312,1,18.0,2,2,262.375,9,1.0,0.0,0.0,1.0,0.0,0.0,1
313,2,26.0,1,1,26.0,13,1.0,0.0,0.0,0.0,0.0,1.0,0
314,3,28.0,0,0,7.8958,12,0.0,1.0,0.0,0.0,0.0,1.0,0
315,2,43.0,1,1,26.25,12,0.0,1.0,0.0,0.0,0.0,1.0,0
316,3,26.0,0,0,7.8542,9,1.0,0.0,0.0,0.0,0.0,1.0,1
317,2,24.0,1,0,26.0,13,1.0,0.0,0.0,0.0,0.0,1.0,1
318,2,54.0,0,0,14.0,4,0.0,1.0,0.0,0.0,0.0,1.0,0
319,1,31.0,0,2,164.8667,9,1.0,0.0,0.0,0.0,0.0,1.0,1
320,1,40.0,1,1,134.5,13,1.0,0.0,0.0,1.0,0.0,0.0,1
321,3,22.0,0,0,7.25,12,0.0,1.0,0.0,0.0,0.0,1.0,0
322,3,27.0,0,0,7.8958,12,0.0,1.0,0.0,0.0,0.0,1.0,0
323,2,30.0,0,0,12.35,9,1.0,0.0,0.0,0.0,1.0,0.0,1
324,2,22.0,1,1,29.0,13,1.0,0.0,0.0,0.0,0.0,1.0,1
325,3,29.69911764705882,8,2,69.55,12,0.0,1.0,0.0,0.0,0.0,1.0,0
326,1,36.0,0,0,135.6333,9,1.0,0.0,0.0,1.0,0.0,0.0,1
327,3,61.0,0,0,6.2375,12,0.0,1.0,0.0,0.0,0.0,1.0,0
328,2,36.0,0,0,13.0,13,1.0,0.0,0.0,0.0,0.0,1.0,1
329,3,31.0,1,1,20.525,13,1.0,0.0,0.0,0.0,0.0,1.0,1
330,1,16.0,0,1,57.9792,9,1.0,0.0,0.0,1.0,0.0,0.0,1
331,3,29.69911764705882,2,0,23.25,9,1.0,0.0,0.0,0.0,1.0,0.0,1
332,1,45.5,0,0,28.5,12,0.0,1.0,0.0,0.0,0.0,1.0,0
333,1,38.0,0,1,153.4625,12,0.0,1.0,0.0,0.0,0.0,1.0,0
334,3,16.0,2,0,18.0,12,0.0,1.0,0.0,0.0,0.0,1.0,0
335,1,29.69911764705882,1,0,133.65,13,1.0,0.0,0.0,0.0,0.0,1.0,1
336,3,29.69911764705882,0,0,7.8958,12,0.0,1.0,0.0,0.0,0.0,1.0,0
337,1,29.0,1,0,66.6,12,0.0,1.0,0.0,0.0,0.0,1.0,0
338,1,41.0,0,0,134.5,9,1.0,0.0,0.0,1.0,0.0,0.0,1
339,3,45.0,0,0,8.05,12,0.0,1.0,0.0,0.0,0.0,1.0,1
340,1,45.0,0,0,35.5,12,0.0,1.0,0.0,0.0,0.0,1.0,0
341,2,2.0,1,1,26.0,8,0.0,1.0,0.0,0.0,0.0,1.0,1
342,1,24.0,3,2,263.0,9,1.0,0.0,0.0,0.0,0.0,1.0,1
343,2,28.0,0,0,13.0,12,0.0,1.0,0.0,0.0,0.0,1.0,0
344,2,25.0,0,0,13.0,12,0.0,1.0,0.0,0.0,0.0,1.0,0
345,2,36.0,0,0,13.0,12,0.0,1.0,0.0,0.0,0.0,1.0,0
346,2,24.0,0,0,13.0,9,1.0,0.0,0.0,0.0,0.0,1.0,1
347,2,40.0,0,0,13.0,9,1.0,0.0,0.0,0.0,0.0,1.0,1
348,3,29.69911764705882,1,0,16.1,13,1.0,0.0,0.0,0.0,0.0,1.0,1
349,3,3.0,1,1,15.9,8,0.0,1.0,0.0,0.0,0.0,1.0,1
350,3,42.0,0,0,8.6625,12,0.0,1.0,0.0,0.0,0.0,1.0,0
351,3,23.0,0,0,9.225,12,0.0,1.0,0.0,0.0,0.0,1.0,0
352,1,29.69911764705882,0,0,35.0,12,0.0,1.0,0.0,0.0,0.0,1.0,0
353,3,15.0,1,1,7.2292,12,0.0,1.0,0.0,1.0,0.0,0.0,0
354,3,25.0,1,0,17.8,12,0.0,1.0,0.0,0.0,0.0,1.0,0
355,3,29.69911764705882,0,0,7.225,12,0.0,1.0,0.0,1.0,0.0,0.0,0
356,3,28.0,0,0,9.5,12,0.0,1.0,0.0,0.0,0.0,1.0,0
357,1,22.0,0,1,55.0,9,1.0,0.0,0.0,0.0,0.0,1.0,1
358,2,38.0,0,0,13.0,9,1.0,0.0,0.0,0.0,0.0,1.0,0
359,3,29.69911764705882,0,0,7.8792,9,1.0,0.0,0.0,0.0,1.0,0.0,1
360,3,29.69911764705882,0,0,7.8792,9,1.0,0.0,0.0,0.0,1.0,0.0,1
361,3,40.0,1,4,27.9,12,0.0,1.0,0.0,0.0,0.0,1.0,0
362,2,29.0,1,0,27.7208,12,0.0,1.0,0.0,1.0,0.0,0.0,0
363,3,45.0,0,1,14.4542,13,1.0,0.0,0.0,1.0,0.0,0.0,0
364,3,35.0,0,0,7.05,12,0.0,1.0,0.0,0.0,0.0,1.0,0
365,3,29.69911764705882,1,0,15.5,12,0.0,1.0,0.0,0.0,1.0,0.0,0
366,3,30.0,0,0,7.25,12,0.0,1.0,0.0,0.0,0.0,1.0,0
367,1,60.0,1,0,75.25,13,1.0,0.0,0.0,1.0,0.0,0.0,1
368,3,29.69911764705882,0,0,7.2292,13,1.0,0.0,0.0,1.0,0.0,0.0,1
369,3,29.69911764705882,0,0,7.75,9,1.0,0.0,0.0,0.0,1.0,0.0,1
370,1,24.0,0,0,69.3,11,1.0,0.0,0.0,1.0,0.0,0.0,1
371,1,25.0,1,0,55.4417,12,0.0,1.0,0.0,1.0,0.0,0.0,1
372,3,18.0,1,0,6.4958,12,0.0,1.0,0.0,0.0,0.0,1.0,0
373,3,19.0,0,0,8.05,12,0.0,1.0,0.0,0.0,0.0,1.0,0
374,1,22.0,0,0,135.6333,12,0.0,1.0,0.0,1.0,0.0,0.0,0
375,3,3.0,3,1,21.075,9,1.0,0.0,0.0,0.0,0.0,1.0,0
376,1,29.69911764705882,1,0,82.1708,13,1.0,0.0,0.0,1.0,0.0,0.0,1
377,3,22.0,0,0,7.25,9,1.0,0.0,0.0,0.0,0.0,1.0,1
378,1,27.0,0,2,211.5,12,0.0,1.0,0.0,1.0,0.0,0.0,0
379,3,20.0,0,0,4.0125,12,0.0,1.0,0.0,1.0,0.0,0.0,0
380,3,19.0,0,0,7.775,12,0.0,1.0,0.0,0.0,0.0,1.0,0
381,1,42.0,0,0,227.525,9,1.0,0.0,0.0,1.0,0.0,0.0,1
382,3,1.0,0,2,15.7417,9,1.0,0.0,0.0,1.0,0.0,0.0,1
383,3,32.0,0,0,7.925,12,0.0,1.0,0.0,0.0,0.0,1.0,0
384,1,35.0,1,0,52.0,13,1.0,0.0,0.0,0.0,0.0,1.0,1
385,3,29.69911764705882,0,0,7.8958,12,0.0,1.0,0.0,0.0,0.0,1.0,0
386,2,18.0,0,0,73.5,12,0.0,1.0,0.0,0.0,0.0,1.0,0
387,3,1.0,5,2,46.9,8,0.0,1.0,0.0,0.0,0.0,1.0,0
388,2,36.0,0,0,13.0,9,1.0,0.0,0.0,0.0,0.0,1.0,1
389,3,29.69911764705882,0,0,7.7292,12,0.0,1.0,0.0,0.0,1.0,0.0,0
390,2,17.0,0,0,12.0,9,1.0,0.0,0.0,1.0,0.0,0.0,1
391,1,36.0,1,2,120.0,12,0.0,1.0,0.0,0.0,0.0,1.0,1
392,3,21.0,0,0,7.7958,12,0.0,1.0,0.0,0.0,0.0,1.0,1
393,3,28.0,2,0,7.925,12,0.0,1.0,0.0,0.0,0.0,1.0,0
394,1,23.0,1,0,113.275,9,1.0,0.0,0.0,1.0,0.0,0.0,1
395,3,24.0,0,2,16.7,13,1.0,0.0,0.0,0.0,0.0,1.0,1
396,3,22.0,0,0,7.7958,12,0.0,1.0,0.0,0.0,0.0,1.0,0
397,3,31.0,0,0,7.8542,9,1.0,0.0,0.0,0.0,0.0,1.0,0
398,2,46.0,0,0,26.0,12,0.0,1.0,0.0,0.0,0.0,1.0,0
399,2,23.0,0,0,10.5,4,0.0,1.0,0.0,0.0,0.0,1.0,0
400,2,28.0,0,0,12.65,13,1.0,0.0,0.0,0.0,0.0,1.0,1
401,3,39.0,0,0,7.925,12,0.0,1.0,0.0,0.0,0.0,1.0,1
402,3,26.0,0,0,8.05,12,0.0,1.0,0.0,0.0,0.0,1.0,0
403,3,21.0,1,0,9.825,9,1.0,0.0,0.0,0.0,0.0,1.0,0
404,3,28.0,1,0,15.85,12,0.0,1.0,0.0,0.0,0.0,1.0,0
405,3,20.0,0,0,8.6625,9,1.0,0.0,0.0,0.0,0.0,1.0,0
406,2,34.0,1,0,21.0,12,0.0,1.0,0.0,0.0,0.0,1.0,0
407,3,51.0,0,0,7.75,12,0.0,1.0,0.0,0.0,0.0,1.0,0
408,2,3.0,1,1,18.75,8,0.0,1.0,0.0,0.0,0.0,1.0,1
409,3,21.0,0,0,7.775,12,0.0,1.0,0.0,0.0,0.0,1.0,0
410,3,29.69911764705882,3,1,25.4667,9,1.0,0.0,0.0,0.0,0.0,1.0,0
411,3,29.69911764705882,0,0,7.8958,12,0.0,1.0,0.0,0.0,0.0,1.0,0
412,3,29.69911764705882,0,0,6.8583,12,0.0,1.0,0.0,0.0,1.0,0.0,0
413,1,33.0,1,0,90.0,9,1.0,0.0,0.0,0.0,1.0,0.0,1
414,2,29.69911764705882,0,0,0.0,12,0.0,1.0,0.0,0.0,0.0,1.0,0
415,3,44.0,0,0,7.925,12,0.0,1.0,0.0,0.0,0.0,1.0,1
416,3,29.69911764705882,0,0,8.05,13,1.0,0.0,0.0,0.0,0.0,1.0,0
417,2,34.0,1,1,32.5,13,1.0,0.0,0.0,0.0,0.0,1.0,1
418,2,18.0,0,2,13.0,9,1.0,0.0,0.0,0.0,0.0,1.0,1
419,2,30.0,0,0,13.0,12,0.0,1.0,0.0,0.0,0.0,1.0,0
420,3,10.0,0,2,24.15,9,1.0,0.0,0.0,0.0,0.0,1.0,0
421,3,29.69911764705882,0,0,7.8958,12,0.0,1.0,0.0,1.0,0.0,0.0,0
422,3,21.0,0,0,7.7333,12,0.0,1.0,0.0,0.0,1.0,0.0,0
423,3,29.0,0,0,7.875,12,0.0,1.0,0.0,0.0,0.0,1.0,0
424,3,28.0,1,1,14.4,13,1.0,0.0,0.0,0.0,0.0,1.0,0
425,3,18.0,1,1,20.2125,12,0.0,1.0,0.0,0.0,0.0,1.0,0
426,3,29.69911764705882,0,0,7.25,12,0.0,1.0,0.0,0.0,0.0,1.0,0
427,2,28.0,1,0,26.0,13,1.0,0.0,0.0,0.0,0.0,1.0,1
428,2,19.0,0,0,26.0,9,1.0,0.0,0.0,0.0,0.0,1.0,1
429,3,29.69911764705882,0,0,7.75,12,0.0,1.0,0.0,0.0,1.0,0.0,0
430,3,32.0,0,0,8.05,12,0.0,1.0,0.0,0.0,0.0,1.0,1
431,1,28.0,0,0,26.55,12,0.0,1.0,0.0,0.0,0.0,1.0,1
432,3,29.69911764705882,1,0,16.1,13,1.0,0.0,0.0,0.0,0.0,1.0,1
433,2,42.0,1,0,26.0,13,1.0,0.0,0.0,0.0,0.0,1.0,1
434,3,17.0,0,0,7.125,12,0.0,1.0,0.0,0.0,0.0,1.0,0
435,1,50.0,1,0,55.9,12,0.0,1.0,0.0,0.0,0.0,1.0,0
436,1,14.0,1,2,120.0,9,1.0,0.0,0.0,0.0,0.0,1.0,1
437,3,21.0,2,2,34.375,9,1.0,0.0,0.0,0.0,0.0,1.0,0
438,2,24.0,2,3,18.75,13,1.0,0.0,0.0,0.0,0.0,1.0,1
439,1,64.0,1,4,263.0,12,0.0,1.0,0.0,0.0,0.0,1.0,0
440,2,31.0,0,0,10.5,12,0.0,1.0,0.0,0.0,0.0,1.0,0
441,2,45.0,1,1,26.25,13,1.0,0.0,0.0,0.0,0.0,1.0,1
442,3,20.0,0,0,9.5,12,0.0,1.0,0.0,0.0,0.0,1.0,0
443,3,25.0,1,0,7.775,12,0.0,1.0,0.0,0.0,0.0,1.0,0
444,2,28.0,0,0,13.0,14,1.0,0.0,0.0,0.0,0.0,1.0,1
445,3,29.69911764705882,0,0,8.1125,12,0.0,1.0,0.0,0.0,0.0,1.0,1
446,1,4.0,0,2,81.8583,8,0.0,1.0,0.0,0.0,0.0,1.0,1
447,2,13.0,0,1,19.5,9,1.0,0.0,0.0,0.0,0.0,1.0,1
448,1,34.0,0,0,26.55,12,0.0,1.0,0.0,0.0,0.0,1.0,1
449,3,5.0,2,1,19.2583,9,1.0,0.0,0.0,1.0,0.0,0.0,1
450,1,52.0,0,0,30.5,7,0.0,1.0,0.0,0.0,0.0,1.0,1
451,2,36.0,1,2,27.75,12,0.0,1.0,0.0,0.0,0.0,1.0,0
452,3,29.69911764705882,1,0,19.9667,12,0.0,1.0,0.0,0.0,0.0,1.0,0
453,1,30.0,0,0,27.75,12,0.0,1.0,0.0,1.0,0.0,0.0,0
454,1,49.0,1,0,89.1042,12,0.0,1.0,0.0,1.0,0.0,0.0,1
455,3,29.69911764705882,0,0,8.05,12,0.0,1.0,0.0,0.0,0.0,1.0,0
456,3,29.0,0,0,7.8958,12,0.0,1.0,0.0,1.0,0.0,0.0,1
457,1,65.0,0,0,26.55,12,0.0,1.0,0.0,0.0,0.0,1.0,0
458,1,29.69911764705882,1,0,51.8625,13,1.0,0.0,0.0,0.0,0.0,1.0,1
459,2,50.0,0,0,10.5,9,1.0,0.0,0.0,0.0,0.0,1.0,1
460,3,29.69911764705882,0,0,7.75,12,0.0,1.0,0.0,0.0,1.0,0.0,0
461,1,48.0,0,0,26.55,12,0.0,1.0,0.0,0.0,0.0,1.0,1
462,3,34.0,0,0,8.05,12,0.0,1.0,0.0,0.0,0.0,1.0,0
463,1,47.0,0,0,38.5,12,0.0,1.0,0.0,0.0,0.0,1.0,0
464,2,48.0,0,0,13.0,12,0.0,1.0,0.0,0.0,0.0,1.0,0
465,3,29.69911764705882,0,0,8.05,12,0.0,1.0,0.0,0.0,0.0,1.0,0
466,3,38.0,0,0,7.05,12,0.0,1.0,0.0,0.0,0.0,1.0,0
467,2,29.69911764705882,0,0,0.0,12,0.0,1.0,0.0,0.0,0.0,1.0,0
468,1,56.0,0,0,26.55,12,0.0,1.0,0.0,0.0,0.0,1.0,0
469,3,29.69911764705882,0,0,7.725,12,0.0,1.0,0.0,0.0,1.0,0.0,0
470,3,0.75,2,1,19.2583,9,1.0,0.0,0.0,1.0,0.0,0.0,1
471,3,29.69911764705882,0,0,7.25,12,0.0,1.0,0.0,0.0,0.0,1.0,0
472,3,38.0,0,0,8.6625,12,0.0,1.0,0.0,0.0,0.0,1.0,0
473,2,33.0,1,2,27.75,13,1.0,0.0,0.0,0.0,0.0,1.0,1
474,2,23.0,0,0,13.7917,13,1.0,0.0,0.0,1.0,0.0,0.0,1
475,3,22.0,0,0,9.8375,9,1.0,0.0,0.0,0.0,0.0,1.0,0
476,1,29.69911764705882,0,0,52.0,12,0.0,1.0,0.0,0.0,0.0,1.0,0
477,2,34.0,1,0,21.0,12,0.0,1.0,0.0,0.0,0.0,1.0,0
478,3,29.0,1,0,7.0458,12,0.0,1.0,0.0,0.0,0.0,1.0,0
479,3,22.0,0,0,7.5208,12,0.0,1.0,0.0,0.0,0.0,1.0,0
480,3,2.0,0,1,12.2875,9,1.0,0.0,0.0,0.0,0.0,1.0,1
481,3,9.0,5,2,46.9,8,0.0,1.0,0.0,0.0,0.0,1.0,0
482,2,29.69911764705882,0,0,0.0,12,0.0,1.0,0.0,0.0,0.0,1.0,0
483,3,50.0,0,0,8.05,12,0.0,1.0,0.0,0.0,0.0,1.0,0
484,3,63.0,0,0,9.5875,13,1.0,0.0,0.0,0.0,0.0,1.0,1
485,1,25.0,1,0,91.0792,12,0.0,1.0,0.0,1.0,0.0,0.0,1
486,3,29.69911764705882,3,1,25.4667,9,1.0,0.0,0.0,0.0,0.0,1.0,0
487,1,35.0,1,0,90.0,13,1.0,0.0,0.0,0.0,0.0,1.0,1
488,1,58.0,0,0,29.7,12,0.0,1.0,0.0,1.0,0.0,0.0,0
489,3,30.0,0,0,8.05,12,0.0,1.0,0.0,0.0,0.0,1.0,0
490,3,9.0,1,1,15.9,8,0.0,1.0,0.0,0.0,0.0,1.0,1
491,3,29.69911764705882,1,0,19.9667,12,0.0,1.0,0.0,0.0,0.0,1.0,0
492,3,21.0,0,0,7.25,12,0.0,1.0,0.0,0.0,0.0,1.0,0
493,1,55.0,0,0,30.5,12,0.0,1.0,0.0,0.0,0.0,1.0,0
494,1,71.0,0,0,49.5042,12,0.0,1.0,0.0,1.0,0.0,0.0,0
495,3,21.0,0,0,8.05,12,0.0,1.0,0.0,0.0,0.0,1.0,0
496,3,29.69911764705882,0,0,14.4583,12,0.0,1.0,0.0,1.0,0.0,0.0,0
497,1,54.0,1,0,78.2667,9,1.0,0.0,0.0,1.0,0.0,0.0,1
498,3,29.69911764705882,0,0,15.1,12,0.0,1.0,0.0,0.0,0.0,1.0,0
499,1,25.0,1,2,151.55,13,1.0,0.0,0.0,0.0,0.0,1.0,0
500,3,24.0,0,0,7.7958,12,0.0,1.0,0.0,0.0,0.0,1.0,0
501,3,17.0,0,0,8.6625,12,0.0,1.0,0.0,0.0,0.0,1.0,0
502,3,21.0,0,0,7.75,9,1.0,0.0,0.0,0.0,1.0,0.0,0
503,3,29.69911764705882,0,0,7.6292,9,1.0,0.0,0.0,0.0,1.0,0.0,0
504,3,37.0,0,0,9.5875,9,1.0,0.0,0.0,0.0,0.0,1.0,0
505,1,16.0,0,0,86.5,9,1.0,0.0,0.0,0.0,0.0,1.0,1
506,1,18.0,1,0,108.9,12,0.0,1.0,0.0,1.0,0.0,0.0,0
507,2,33.0,0,2,26.0,13,1.0,0.0,0.0,0.0,0.0,1.0,1
508,1,29.69911764705882,0,0,26.55,12,0.0,1.0,0.0,0.0,0.0,1.0,1
509,3,28.0,0,0,22.525,12,0.0,1.0,0.0,0.0,0.0,1.0,0
510,3,26.0,0,0,56.4958,12,0.0,1.0,0.0,0.0,0.0,1.0,1
511,3,29.0,0,0,7.75,12,0.0,1.0,0.0,0.0,1.0,0.0,1
512,3,29.69911764705882,0,0,8.05,12,0.0,1.0,0.0,0.0,0.0,1.0,0
513,1,36.0,0,0,26.2875,12,0.0,1.0,0.0,0.0,0.0,1.0,1
514,1,54.0,1,0,59.4,13,1.0,0.0,0.0,1.0,0.0,0.0,1
515,3,24.0,0,0,7.4958,12,0.0,1.0,0.0,0.0,0.0,1.0,0
516,1,47.0,0,0,34.0208,12,0.0,1.0,0.0,0.0,0.0,1.0,0
517,2,34.0,0,0,10.5,13,1.0,0.0,0.0,0.0,0.0,1.0,1
518,3,29.69911764705882,0,0,24.15,12,0.0,1.0,0.0,0.0,1.0,0.0,0
519,2,36.0,1,0,26.0,13,1.0,0.0,0.0,0.0,0.0,1.0,1
520,3,32.0,0,0,7.8958,12,0.0,1.0,0.0,0.0,0.0,1.0,0
521,1,30.0,0,0,93.5,9,1.0,0.0,0.0,0.0,0.0,1.0,1
522,3,22.0,0,0,7.8958,12,0.0,1.0,0.0,0.0,0.0,1.0,0
523,3,29.69911764705882,0,0,7.225,12,0.0,1.0,0.0,1.0,0.0,0.0,0
524,1,44.0,0,1,57.9792,13,1.0,0.0,0.0,1.0,0.0,0.0,1
525,3,29.69911764705882,0,0,7.2292,12,0.0,1.0,0.0,1.0,0.0,0.0,0
526,3,40.5,0,0,7.75,12,0.0,1.0,0.0,0.0,1.0,0.0,0
527,2,50.0,0,0,10.5,9,1.0,0.0,0.0,0.0,0.0,1.0,1
528,1,29.69911764705882,0,0,221.7792,12,0.0,1.0,0.0,0.0,0.0,1.0,0
529,3,39.0,0,0,7.925,12,0.0,1.0,0.0,0.0,0.0,1.0,0
530,2,23.0,2,1,11.5,12,0.0,1.0,0.0,0.0,0.0,1.0,0
531,2,2.0,1,1,26.0,9,1.0,0.0,0.0,0.0,0.0,1.0,1
532,3,29.69911764705882,0,0,7.2292,12,0.0,1.0,0.0,1.0,0.0,0.0,0
533,3,17.0,1,1,7.2292,12,0.0,1.0,0.0,1.0,0.0,0.0,0
534,3,29.69911764705882,0,2,22.3583,13,1.0,0.0,0.0,1.0,0.0,0.0,1
535,3,30.0,0,0,8.6625,9,1.0,0.0,0.0,0.0,0.0,1.0,0
536,2,7.0,0,2,26.25,9,1.0,0.0,0.0,0.0,0.0,1.0,1
537,1,45.0,0,0,26.55,7,0.0,1.0,0.0,0.0,0.0,1.0,0
538,1,30.0,0,0,106.425,9,1.0,0.0,0.0,1.0,0.0,0.0,1
539,3,29.69911764705882,0,0,14.5,12,0.0,1.0,0.0,0.0,0.0,1.0,0
540,1,22.0,0,2,49.5,9,1.0,0.0,0.0,1.0,0.0,0.0,1
541,1,36.0,0,2,71.0,9,1.0,0.0,0.0,0.0,0.0,1.0,1
542,3,9.0,4,2,31.275,9,1.0,0.0,0.0,0.0,0.0,1.0,0
543,3,11.0,4,2,31.275,9,1.0,0.0,0.0,0.0,0.0,1.0,0
544,2,32.0,1,0,26.0,12,0.0,1.0,0.0,0.0,0.0,1.0,1
545,1,50.0,1,0,106.425,12,0.0,1.0,0.0,1.0,0.0,0.0,0
546,1,64.0,0,0,26.0,12,0.0,1.0,0.0,0.0,0.0,1.0,0
547,2,19.0,1,0,26.0,13,1.0,0.0,0.0,0.0,0.0,1.0,1
548,2,29.69911764705882,0,0,13.8625,12,0.0,1.0,0.0,1.0,0.0,0.0,1
549,3,33.0,1,1,20.525,12,0.0,1.0,0.0,0.0,0.0,1.0,0
550,2,8.0,1,1,36.75,8,0.0,1.0,0.0,0.0,0.0,1.0,1
551,1,17.0,0,2,110.8833,12,0.0,1.0,0.0,1.0,0.0,0.0,1
552,2,27.0,0,0,26.0,12,0.0,1.0,0.0,0.0,0.0,1.0,0
553,3,29.69911764705882,0,0,7.8292,12,0.0,1.0,0.0,0.0,1.0,0.0,0
554,3,22.0,0,0,7.225,12,0.0,1.0,0.0,1.0,0.0,0.0,1
555,3,22.0,0,0,7.775,9,1.0,0.0,0.0,0.0,0.0,1.0,1
556,1,62.0,0,0,26.55,12,0.0,1.0,0.0,0.0,0.0,1.0,0
557,1,48.0,1,0,39.6,6,1.0,0.0,0.0,1.0,0.0,0.0,1
558,1,29.69911764705882,0,0,227.525,12,0.0,1.0,0.0,1.0,0.0,0.0,0
559,1,39.0,1,1,79.65,13,1.0,0.0,0.0,0.0,0.0,1.0,1
560,3,36.0,1,0,17.4,13,1.0,0.0,0.0,0.0,0.0,1.0,1
561,3,29.69911764705882,0,0,7.75,12,0.0,1.0,0.0,0.0,1.0,0.0,0
562,3,40.0,0,0,7.8958,12,0.0,1.0,0.0,0.0,0.0,1.0,0
563,2,28.0,0,0,13.5,12,0.0,1.0,0.0,0.0,0.0,1.0,0
564,3,29.69911764705882,0,0,8.05,12,0.0,1.0,0.0,0.0,0.0,1.0,0
565,3,29.69911764705882,0,0,8.05,9,1.0,0.0,0.0,0.0,0.0,1.0,0
566,3,24.0,2,0,24.15,12,0.0,1.0,0.0,0.0,0.0,1.0,0
567,3,19.0,0,0,7.8958,12,0.0,1.0,0.0,0.0,0.0,1.0,0
568,3,29.0,0,4,21.075,13,1.0,0.0,0.0,0.0,0.0,1.0,0
569,3,29.69911764705882,0,0,7.2292,12,0.0,1.0,0.0,1.0,0.0,0.0,0
570,3,32.0,0,0,7.8542,12,0.0,1.0,0.0,0.0,0.0,1.0,1
571,2,62.0,0,0,10.5,12,0.0,1.0,0.0,0.0,0.0,1.0,1
572,1,53.0,2,0,51.4792,13,1.0,0.0,0.0,0.0,0.0,1.0,1
573,1,36.0,0,0,26.3875,12,0.0,1.0,0.0,0.0,0.0,1.0,1
574,3,29.69911764705882,0,0,7.75,9,1.0,0.0,0.0,0.0,1.0,0.0,1
575,3,16.0,0,0,8.05,12,0.0,1.0,0.0,0.0,0.0,1.0,0
576,3,19.0,0,0,14.5,12,0.0,1.0,0.0,0.0,0.0,1.0,0
577,2,34.0,0,0,13.0,9,1.0,0.0,0.0,0.0,0.0,1.0,1
578,1,39.0,1,0,55.9,13,1.0,0.0,0.0,0.0,0.0,1.0,1
579,3,29.69911764705882,1,0,14.4583,13,1.0,0.0,0.0,1.0,0.0,0.0,0
580,3,32.0,0,0,7.925,12,0.0,1.0,0.0,0.0,0.0,1.0,1
581,2,25.0,1,1,30.0,9,1.0,0.0,0.0,0.0,0.0,1.0,1
582,1,39.0,1,1,110.8833,13,1.0,0.0,0.0,1.0,0.0,0.0,1
583,2,54.0,0,0,26.0,12,0.0,1.0,0.0,0.0,0.0,1.0,0
584,1,36.0,0,0,40.125,12,0.0,1.0,0.0,1.0,0.0,0.0,0
585,3,29.69911764705882,0,0,8.7125,12,0.0,1.0,0.0,1.0,0.0,0.0,0
586,1,18.0,0,2,79.65,9,1.0,0.0,0.0,0.0,0.0,1.0,1
587,2,47.0,0,0,15.0,12,0.0,1.0,0.0,0.0,0.0,1.0,0
588,1,60.0,1,1,79.2,12,0.0,1.0,0.0,1.0,0.0,0.0,1
589,3,22.0,0,0,8.05,12,0.0,1.0,0.0,0.0,0.0,1.0,0
590,3,29.69911764705882,0,0,8.05,12,0.0,1.0,0.0,0.0,0.0,1.0,0
591,3,35.0,0,0,7.125,12,0.0,1.0,0.0,0.0,0.0,1.0,0
592,1,52.0,1,0,78.2667,13,1.0,0.0,0.0,1.0,0.0,0.0,1
593,3,47.0,0,0,7.25,12,0.0,1.0,0.0,0.0,0.0,1.0,0
594,3,29.69911764705882,0,2,7.75,9,1.0,0.0,0.0,0.0,1.0,0.0,0
595,2,37.0,1,0,26.0,12,0.0,1.0,0.0,0.0,0.0,1.0,0
596,3,36.0,1,1,24.15,12,0.0,1.0,0.0,0.0,0.0,1.0,0
597,2,29.69911764705882,0,0,33.0,9,1.0,0.0,0.0,0.0,0.0,1.0,1
598,3,49.0,0,0,0.0,12,0.0,1.0,0.0,0.0,0.0,1.0,0
599,3,29.69911764705882,0,0,7.225,12,0.0,1.0,0.0,1.0,0.0,0.0,0
600,1,49.0,1,0,56.9292,16,0.0,1.0,0.0,1.0,0.0,0.0,1
601,2,24.0,2,1,27.0,13,1.0,0.0,0.0,0.0,0.0,1.0,1
602,3,29.69911764705882,0,0,7.8958,12,0.0,1.0,0.0,0.0,0.0,1.0,0
603,1,29.69911764705882,0,0,42.4,12,0.0,1.0,0.0,0.0,0.0,1.0,0
604,3,44.0,0,0,8.05,12,0.0,1.0,0.0,0.0,0.0,1.0,0
605,1,35.0,0,0,26.55,12,0.0,1.0,0.0,1.0,0.0,0.0,1
606,3,36.0,1,0,15.55,12,0.0,1.0,0.0,0.0,0.0,1.0,0
607,3,30.0,0,0,7.8958,12,0.0,1.0,0.0,0.0,0.0,1.0,0
608,1,27.0,0,0,30.5,12,0.0,1.0,0.0,0.0,0.0,1.0,1
609,2,22.0,1,2,41.5792,13,1.0,0.0,0.0,1.0,0.0,0.0,1
610,1,40.0,0,0,153.4625,9,1.0,0.0,0.0,0.0,0.0,1.0,1
611,3,39.0,1,5,31.275,13,1.0,0.0,0.0,0.0,0.0,1.0,0
612,3,29.69911764705882,0,0,7.05,12,0.0,1.0,0.0,0.0,0.0,1.0,0
613,3,29.69911764705882,1,0,15.5,9,1.0,0.0,0.0,0.0,1.0,0.0,1
614,3,29.69911764705882,0,0,7.75,12,0.0,1.0,0.0,0.0,1.0,0.0,0
615,3,35.0,0,0,8.05,12,0.0,1.0,0.0,0.0,0.0,1.0,0
616,2,24.0,1,2,65.0,9,1.0,0.0,0.0,0.0,0.0,1.0,1
617,3,34.0,1,1,14.4,12,0.0,1.0,0.0,0.0,0.0,1.0,0
618,3,26.0,1,0,16.1,13,1.0,0.0,0.0,0.0,0.0,1.0,0
619,2,4.0,2,1,39.0,9,1.0,0.0,0.0,0.0,0.0,1.0,1
620,2,26.0,0,0,10.5,12,0.0,1.0,0.0,0.0,0.0,1.0,0
621,3,27.0,1,0,14.4542,12,0.0,1.0,0.0,1.0,0.0,0.0,0
622,1,42.0,1,0,52.5542,12,0.0,1.0,0.0,0.0,0.0,1.0,1
623,3,20.0,1,1,15.7417,12,0.0,1.0,0.0,1.0,0.0,0.0,1
624,3,21.0,0,0,7.8542,12,0.0,1.0,0.0,0.0,0.0,1.0,0
625,3,21.0,0,0,16.1,12,0.0,1.0,0.0,0.0,0.0,1.0,0
626,1,61.0,0,0,32.3208,12,0.0,1.0,0.0,0.0,0.0,1.0,0
627,2,57.0,0,0,12.35,15,0.0,1.0,0.0,0.0,1.0,0.0,0
628,1,21.0,0,0,77.9583,9,1.0,0.0,0.0,0.0,0.0,1.0,1
629,3,26.0,0,0,7.8958,12,0.0,1.0,0.0,0.0,0.0,1.0,0
630,3,29.69911764705882,0,0,7.7333,12,0.0,1.0,0.0,0.0,1.0,0.0,0
631,1,80.0,0,0,30.0,12,0.0,1.0,0.0,0.0,0.0,1.0,1
632,3,51.0,0,0,7.0542,12,0.0,1.0,0.0,0.0,0.0,1.0,0
633,1,32.0,0,0,30.5,4,0.0,1.0,0.0,1.0,0.0,0.0,1
634,1,29.69911764705882,0,0,0.0,12,0.0,1.0,0.0,0.0,0.0,1.0,0
635,3,9.0,3,2,27.9,9,1.0,0.0,0.0,0.0,0.0,1.0,0
636,2,28.0,0,0,13.0,9,1.0,0.0,0.0,0.0,0.0,1.0,1
637,3,32.0,0,0,7.925,12,0.0,1.0,0.0,0.0,0.0,1.0,0
638,2,31.0,1,1,26.25,12,0.0,1.0,0.0,0.0,0.0,1.0,0
639,3,41.0,0,5,39.6875,13,1.0,0.0,0.0,0.0,0.0,1.0,0
640,3,29.69911764705882,1,0,16.1,12,0.0,1.0,0.0,0.0,0.0,1.0,0
641,3,20.0,0,0,7.8542,12,0.0,1.0,0.0,0.0,0.0,1.0,0
642,1,24.0,0,0,69.3,10,1.0,0.0,0.0,1.0,0.0,0.0,1
643,3,2.0,3,2,27.9,9,1.0,0.0,0.0,0.0,0.0,1.0,0
644,3,29.69911764705882,0,0,56.4958,12,0.0,1.0,0.0,0.0,0.0,1.0,1
645,3,0.75,2,1,19.2583,9,1.0,0.0,0.0,1.0,0.0,0.0,1
646,1,48.0,1,0,76.7292,12,0.0,1.0,0.0,1.0,0.0,0.0,1
647,3,19.0,0,0,7.8958,12,0.0,1.0,0.0,0.0,0.0,1.0,0
648,1,56.0,0,0,35.5,1,0.0,1.0,0.0,1.0,0.0,0.0,1
649,3,29.69911764705882,0,0,7.55,12,0.0,1.0,0.0,0.0,0.0,1.0,0
650,3,23.0,0,0,7.55,9,1.0,0.0,0.0,0.0,0.0,1.0,1
651,3,29.69911764705882,0,0,7.8958,12,0.0,1.0,0.0,0.0,0.0,1.0,0
652,2,18.0,0,1,23.0,9,1.0,0.0,0.0,0.0,0.0,1.0,1
653,3,21.0,0,0,8.4333,12,0.0,1.0,0.0,0.0,0.0,1.0,0
654,3,29.69911764705882,0,0,7.8292,9,1.0,0.0,0.0,0.0,1.0,0.0,1
655,3,18.0,0,0,6.75,9,1.0,0.0,0.0,0.0,1.0,0.0,0
656,2,24.0,2,0,73.5,12,0.0,1.0,0.0,0.0,0.0,1.0,0
657,3,29.69911764705882,0,0,7.8958,12,0.0,1.0,0.0,0.0,0.0,1.0,0
658,3,32.0,1,1,15.5,13,1.0,0.0,0.0,0.0,1.0,0.0,0
659,2,23.0,0,0,13.0,12,0.0,1.0,0.0,0.0,0.0,1.0,0
660,1,58.0,0,2,113.275,12,0.0,1.0,0.0,1.0,0.0,0.0,0
661,1,50.0,2,0,133.65,4,0.0,1.0,0.0,0.0,0.0,1.0,1
662,3,40.0,0,0,7.225,12,0.0,1.0,0.0,1.0,0.0,0.0,0
663,1,47.0,0,0,25.5875,12,0.0,1.0,0.0,0.0,0.0,1.0,0
664,3,36.0,0,0,7.4958,12,0.0,1.0,0.0,0.0,0.0,1.0,0
665,3,20.0,1,0,7.925,12,0.0,1.0,0.0,0.0,0.0,1.0,1
666,2,32.0,2,0,73.5,12,0.0,1.0,0.0,0.0,0.0,1.0,0
667,2,25.0,0,0,13.0,12,0.0,1.0,0.0,0.0,0.0,1.0,0
668,3,29.69911764705882,0,0,7.775,12,0.0,1.0,0.0,0.0,0.0,1.0,0
669,3,43.0,0,0,8.05,12,0.0,1.0,0.0,0.0,0.0,1.0,0
670,1,29.69911764705882,1,0,52.0,13,1.0,0.0,0.0,0.0,0.0,1.0,1
671,2,40.0,1,1,39.0,13,1.0,0.0,0.0,0.0,0.0,1.0,1
672,1,31.0,1,0,52.0,12,0.0,1.0,0.0,0.0,0.0,1.0,0
673,2,70.0,0,0,10.5,12,0.0,1.0,0.0,0.0,0.0,1.0,0
674,2,31.0,0,0,13.0,12,0.0,1.0,0.0,0.0,0.0,1.0,1
675,2,29.69911764705882,0,0,0.0,12,0.0,1.0,0.0,0.0,0.0,1.0,0
676,3,18.0,0,0,7.775,12,0.0,1.0,0.0,0.0,0.0,1.0,0
677,3,24.5,0,0,8.05,12,0.0,1.0,0.0,0.0,0.0,1.0,0
678,3,18.0,0,0,9.8417,9,1.0,0.0,0.0,0.0,0.0,1.0,1
679,3,43.0,1,6,46.9,13,1.0,0.0,0.0,0.0,0.0,1.0,0
680,1,36.0,0,1,512.3292,12,0.0,1.0,0.0,1.0,0.0,0.0,1
681,3,29.69911764705882,0,0,8.1375,9,1.0,0.0,0.0,0.0,1.0,0.0,0
682,1,27.0,0,0,76.7292,12,0.0,1.0,0.0,1.0,0.0,0.0,1
683,3,20.0,0,0,9.225,12,0.0,1.0,0.0,0.0,0.0,1.0,0
684,3,14.0,5,2,46.9,12,0.0,1.0,0.0,0.0,0.0,1.0,0
685,2,60.0,1,1,39.0,12,0.0,1.0,0.0,0.0,0.0,1.0,0
686,2,25.0,1,2,41.5792,12,0.0,1.0,0.0,1.0,0.0,0.0,0
687,3,14.0,4,1,39.6875,12,0.0,1.0,0.0,0.0,0.0,1.0,0
688,3,19.0,0,0,10.1708,12,0.0,1.0,0.0,0.0,0.0,1.0,0
689,3,18.0,0,0,7.7958,12,0.0,1.0,0.0,0.0,0.0,1.0,0
690,1,15.0,0,1,211.3375,9,1.0,0.0,0.0,0.0,0.0,1.0,1
691,1,31.0,1,0,57.0,12,0.0,1.0,0.0,0.0,0.0,1.0,1
692,3,4.0,0,1,13.4167,9,1.0,0.0,0.0,1.0,0.0,0.0,1
693,3,29.69911764705882,0,0,56.4958,12,0.0,1.0,0.0,0.0,0.0,1.0,1
694,3,25.0,0,0,7.225,12,0.0,1.0,0.0,1.0,0.0,0.0,0
695,1,60.0,0,0,26.55,1,0.0,1.0,0.0,0.0,0.0,1.0,0
696,2,52.0,0,0,13.5,12,0.0,1.0,0.0,0.0,0.0,1.0,0
697,3,44.0,0,0,8.05,12,0.0,1.0,0.0,0.0,0.0,1.0,0
698,3,29.69911764705882,0,0,7.7333,9,1.0,0.0,0.0,0.0,1.0,0.0,1
699,1,49.0,1,1,110.8833,12,0.0,1.0,0.0,1.0,0.0,0.0,0
700,3,42.0,0,0,7.65,12,0.0,1.0,0.0,0.0,0.0,1.0,0
701,1,18.0,1,0,227.525,13,1.0,0.0,0.0,1.0,0.0,0.0,1
702,1,35.0,0,0,26.2875,12,0.0,1.0,0.0,0.0,0.0,1.0,1
703,3,18.0,0,1,14.4542,9,1.0,0.0,0.0,1.0,0.0,0.0,0
704,3,25.0,0,0,7.7417,12,0.0,1.0,0.0,0.0,1.0,0.0,0
705,3,26.0,1,0,7.8542,12,0.0,1.0,0.0,0.0,0.0,1.0,0
706,2,39.0,0,0,26.0,12,0.0,1.0,0.0,0.0,0.0,1.0,0
707,2,45.0,0,0,13.5,13,1.0,0.0,0.0,0.0,0.0,1.0,1
708,1,42.0,0,0,26.2875,12,0.0,1.0,0.0,0.0,0.0,1.0,1
709,1,22.0,0,0,151.55,9,1.0,0.0,0.0,0.0,0.0,1.0,1
710,3,29.69911764705882,1,1,15.2458,8,0.0,1.0,0.0,1.0,0.0,0.0,1
711,1,24.0,0,0,49.5042,10,1.0,0.0,0.0,1.0,0.0,0.0,1
712,1,29.69911764705882,0,0,26.55,12,0.0,1.0,0.0,0.0,0.0,1.0,0
713,1,48.0,1,0,52.0,12,0.0,1.0,0.0,0.0,0.0,1.0,1
714,3,29.0,0,0,9.4833,12,0.0,1.0,0.0,0.0,0.0,1.0,0
715,2,52.0,0,0,13.0,12,0.0,1.0,0.0,0.0,0.0,1.0,0
716,3,19.0,0,0,7.65,12,0.0,1.0,0.0,0.0,0.0,1.0,0
717,1,38.0,0,0,227.525,9,1.0,0.0,0.0,1.0,0.0,0.0,1
718,2,27.0,0,0,10.5,9,1.0,0.0,0.0,0.0,0.0,1.0,1
719,3,29.69911764705882,0,0,15.5,12,0.0,1.0,0.0,0.0,1.0,0.0,0
720,3,33.0,0,0,7.775,12,0.0,1.0,0.0,0.0,0.0,1.0,0
721,2,6.0,0,1,33.0,9,1.0,0.0,0.0,0.0,0.0,1.0,1
722,3,17.0,1,0,7.0542,12,0.0,1.0,0.0,0.0,0.0,1.0,0
723,2,34.0,0,0,13.0,12,0.0,1.0,0.0,0.0,0.0,1.0,0
724,2,50.0,0,0,13.0,12,0.0,1.0,0.0,0.0,0.0,1.0,0
725,1,27.0,1,0,53.1,12,0.0,1.0,0.0,0.0,0.0,1.0,1
726,3,20.0,0,0,8.6625,12,0.0,1.0,0.0,0.0,0.0,1.0,0
727,2,30.0,3,0,21.0,13,1.0,0.0,0.0,0.0,0.0,1.0,1
728,3,29.69911764705882,0,0,7.7375,9,1.0,0.0,0.0,0.0,1.0,0.0,1
729,2,25.0,1,0,26.0,12,0.0,1.0,0.0,0.0,0.0,1.0,0
730,3,25.0,1,0,7.925,9,1.0,0.0,0.0,0.0,0.0,1.0,0
731,1,29.0,0,0,211.3375,9,1.0,0.0,0.0,0.0,0.0,1.0,1
732,3,11.0,0,0,18.7875,12,0.0,1.0,0.0,1.0,0.0,0.0,0
733,2,29.69911764705882,0,0,0.0,12,0.0,1.0,0.0,0.0,0.0,1.0,0
734,2,23.0,0,0,13.0,12,0.0,1.0,0.0,0.0,0.0,1.0,0
735,2,23.0,0,0,13.0,12,0.0,1.0,0.0,0.0,0.0,1.0,0
736,3,28.5,0,0,16.1,12,0.0,1.0,0.0,0.0,0.0,1.0,0
737,3,48.0,1,3,34.375,13,1.0,0.0,0.0,0.0,0.0,1.0,0
738,1,35.0,0,0,512.3292,12,0.0,1.0,0.0,1.0,0.0,0.0,1
739,3,29.69911764705882,0,0,7.8958,12,0.0,1.0,0.0,0.0,0.0,1.0,0
740,3,29.69911764705882,0,0,7.8958,12,0.0,1.0,0.0,0.0,0.0,1.0,0
741,1,29.69911764705882,0,0,30.0,12,0.0,1.0,0.0,0.0,0.0,1.0,1
742,1,36.0,1,0,78.85,12,0.0,1.0,0.0,0.0,0.0,1.0,0
743,1,21.0,2,2,262.375,9,1.0,0.0,0.0,1.0,0.0,0.0,1
744,3,24.0,1,0,16.1,12,0.0,1.0,0.0,0.0,0.0,1.0,0
745,3,31.0,0,0,7.925,12,0.0,1.0,0.0,0.0,0.0,1.0,1
746,1,70.0,1,1,71.0,0,0.0,1.0,0.0,0.0,0.0,1.0,0
747,3,16.0,1,1,20.25,12,0.0,1.0,0.0,0.0,0.0,1.0,0
748,2,30.0,0,0,13.0,9,1.0,0.0,0.0,0.0,0.0,1.0,1
749,1,19.0,1,0,53.1,12,0.0,1.0,0.0,0.0,0.0,1.0,0
750,3,31.0,0,0,7.75,12,0.0,1.0,0.0,0.0,1.0,0.0,0
751,2,4.0,1,1,23.0,9,1.0,0.0,0.0,0.0,0.0,1.0,1
752,3,6.0,0,1,12.475,8,0.0,1.0,0.0,0.0,0.0,1.0,1
753,3,33.0,0,0,9.5,12,0.0,1.0,0.0,0.0,0.0,1.0,0
754,3,23.0,0,0,7.8958,12,0.0,1.0,0.0,0.0,0.0,1.0,0
755,2,48.0,1,2,65.0,13,1.0,0.0,0.0,0.0,0.0,1.0,1
756,2,0.67,1,1,14.5,8,0.0,1.0,0.0,0.0,0.0,1.0,1
757,3,28.0,0,0,7.7958,12,0.0,1.0,0.0,0.0,0.0,1.0,0
758,2,18.0,0,0,11.5,12,0.0,1.0,0.0,0.0,0.0,1.0,0
759,3,34.0,0,0,8.05,12,0.0,1.0,0.0,0.0,0.0,1.0,0
760,1,33.0,0,0,86.5,2,1.0,0.0,0.0,0.0,0.0,1.0,1
761,3,29.69911764705882,0,0,14.5,12,0.0,1.0,0.0,0.0,0.0,1.0,0
762,3,41.0,0,0,7.125,12,0.0,1.0,0.0,0.0,0.0,1.0,0
763,3,20.0,0,0,7.2292,12,0.0,1.0,0.0,1.0,0.0,0.0,1
764,1,36.0,1,2,120.0,13,1.0,0.0,0.0,0.0,0.0,1.0,1
765,3,16.0,0,0,7.775,12,0.0,1.0,0.0,0.0,0.0,1.0,0
766,1,51.0,1,0,77.9583,13,1.0,0.0,0.0,0.0,0.0,1.0,1
767,1,29.69911764705882,0,0,39.6,4,0.0,1.0,0.0,1.0,0.0,0.0,0
768,3,30.5,0,0,7.75,9,1.0,0.0,0.0,0.0,1.0,0.0,0
769,3,29.69911764705882,1,0,24.15,12,0.0,1.0,0.0,0.0,1.0,0.0,0
770,3,32.0,0,0,8.3625,12,0.0,1.0,0.0,0.0,0.0,1.0,0
771,3,24.0,0,0,9.5,12,0.0,1.0,0.0,0.0,0.0,1.0,0
772,3,48.0,0,0,7.8542,12,0.0,1.0,0.0,0.0,0.0,1.0,0
773,2,57.0,0,0,10.5,13,1.0,0.0,0.0,0.0,0.0,1.0,0
774,3,29.69911764705882,0,0,7.225,12,0.0,1.0,0.0,1.0,0.0,0.0,0
775,2,54.0,1,3,23.0,13,1.0,0.0,0.0,0.0,0.0,1.0,1
776,3,18.0,0,0,7.75,12,0.0,1.0,0.0,0.0,0.0,1.0,0
777,3,29.69911764705882,0,0,7.75,12,0.0,1.0,0.0,0.0,1.0,0.0,0
778,3,5.0,0,0,12.475,9,1.0,0.0,0.0,0.0,0.0,1.0,1
779,3,29.69911764705882,0,0,7.7375,12,0.0,1.0,0.0,0.0,1.0,0.0,0
780,1,43.0,0,1,211.3375,13,1.0,0.0,0.0,0.0,0.0,1.0,1
781,3,13.0,0,0,7.2292,9,1.0,0.0,0.0,1.0,0.0,0.0,1
782,1,17.0,1,0,57.0,13,1.0,0.0,0.0,0.0,0.0,1.0,1
783,1,29.0,0,0,30.0,12,0.0,1.0,0.0,0.0,0.0,1.0,0
784,3,29.69911764705882,1,2,23.45,12,0.0,1.0,0.0,0.0,0.0,1.0,0
785,3,25.0,0,0,7.05,12,0.0,1.0,0.0,0.0,0.0,1.0,0
786,3,25.0,0,0,7.25,12,0.0,1.0,0.0,0.0,0.0,1.0,0
787,3,18.0,0,0,7.4958,9,1.0,0.0,0.0,0.0,0.0,1.0,1
788,3,8.0,4,1,29.125,8,0.0,1.0,0.0,0.0,1.0,0.0,0
789,3,1.0,1,2,20.575,8,0.0,1.0,0.0,0.0,0.0,1.0,1
790,1,46.0,0,0,79.2,12,0.0,1.0,0.0,1.0,0.0,0.0,0
791,3,29.69911764705882,0,0,7.75,12,0.0,1.0,0.0,0.0,1.0,0.0,0
792,2,16.0,0,0,26.0,12,0.0,1.0,0.0,0.0,0.0,1.0,0
793,3,29.69911764705882,8,2,69.55,9,1.0,0.0,0.0,0.0,0.0,1.0,0
794,1,29.69911764705882,0,0,30.6958,12,0.0,1.0,0.0,1.0,0.0,0.0,0
795,3,25.0,0,0,7.8958,12,0.0,1.0,0.0,0.0,0.0,1.0,0
796,2,39.0,0,0,13.0,12,0.0,1.0,0.0,0.0,0.0,1.0,0
797,1,49.0,0,0,25.9292,4,1.0,0.0,0.0,0.0,0.0,1.0,1
798,3,31.0,0,0,8.6833,13,1.0,0.0,0.0,0.0,0.0,1.0,1
799,3,30.0,0,0,7.2292,12,0.0,1.0,0.0,1.0,0.0,0.0,0
800,3,30.0,1,1,24.15,13,1.0,0.0,0.0,0.0,0.0,1.0,0
801,2,34.0,0,0,13.0,12,0.0,1.0,0.0,0.0,0.0,1.0,0
802,2,31.0,1,1,26.25,13,1.0,0.0,0.0,0.0,0.0,1.0,1
803,1,11.0,1,2,120.0,8,0.0,1.0,0.0,0.0,0.0,1.0,1
804,3,0.42,0,1,8.5167,8,0.0,1.0,0.0,1.0,0.0,0.0,1
805,3,27.0,0,0,6.975,12,0.0,1.0,0.0,0.0,0.0,1.0,1
806,3,31.0,0,0,7.775,12,0.0,1.0,0.0,0.0,0.0,1.0,0
807,1,39.0,0,0,0.0,12,0.0,1.0,0.0,0.0,0.0,1.0,0
808,3,18.0,0,0,7.775,9,1.0,0.0,0.0,0.0,0.0,1.0,0
809,2,39.0,0,0,13.0,12,0.0,1.0,0.0,0.0,0.0,1.0,0
810,1,33.0,1,0,53.1,13,1.0,0.0,0.0,0.0,0.0,1.0,1
811,3,26.0,0,0,7.8875,12,0.0,1.0,0.0,0.0,0.0,1.0,0
812,3,39.0,0,0,24.15,12,0.0,1.0,0.0,0.0,0.0,1.0,0
813,2,35.0,0,0,10.5,12,0.0,1.0,0.0,0.0,0.0,1.0,0
814,3,6.0,4,2,31.275,9,1.0,0.0,0.0,0.0,0.0,1.0,0
815,3,30.5,0,0,8.05,12,0.0,1.0,0.0,0.0,0.0,1.0,0
816,1,29.69911764705882,0,0,0.0,12,0.0,1.0,0.0,0.0,0.0,1.0,0
817,3,23.0,0,0,7.925,9,1.0,0.0,0.0,0.0,0.0,1.0,0
818,2,31.0,1,1,37.0042,12,0.0,1.0,0.0,1.0,0.0,0.0,0
819,3,43.0,0,0,6.45,12,0.0,1.0,0.0,0.0,0.0,1.0,0
820,3,10.0,3,2,27.9,8,0.0,1.0,0.0,0.0,0.0,1.0,0
821,1,52.0,1,1,93.5,13,1.0,0.0,0.0,0.0,0.0,1.0,1
822,3,27.0,0,0,8.6625,12,0.0,1.0,0.0,0.0,0.0,1.0,1
823,1,38.0,0,0,0.0,5,0.0,1.0,0.0,0.0,0.0,1.0,0
824,3,27.0,0,1,12.475,13,1.0,0.0,0.0,0.0,0.0,1.0,1
825,3,2.0,4,1,39.6875,8,0.0,1.0,0.0,0.0,0.0,1.0,0
826,3,29.69911764705882,0,0,6.95,12,0.0,1.0,0.0,0.0,1.0,0.0,0
827,3,29.69911764705882,0,0,56.4958,12,0.0,1.0,0.0,0.0,0.0,1.0,0
828,2,1.0,0,2,37.0042,8,0.0,1.0,0.0,1.0,0.0,0.0,1
829,3,29.69911764705882,0,0,7.75,12,0.0,1.0,0.0,0.0,1.0,0.0,1
830,1,62.0,0,0,80.0,13,1.0,0.0,1.0,0.0,0.0,0.0,1
831,3,15.0,1,0,14.4542,13,1.0,0.0,0.0,1.0,0.0,0.0,1
832,2,0.83,1,1,18.75,8,0.0,1.0,0.0,0.0,0.0,1.0,1
833,3,29.69911764705882,0,0,7.2292,12,0.0,1.0,0.0,1.0,0.0,0.0,0
834,3,23.0,0,0,7.8542,12,0.0,1.0,0.0,0.0,0.0,1.0,0
835,3,18.0,0,0,8.3,12,0.0,1.0,0.0,0.0,0.0,1.0,0
836,1,39.0,1,1,83.1583,9,1.0,0.0,0.0,1.0,0.0,0.0,1
837,3,21.0,0,0,8.6625,12,0.0,1.0,0.0,0.0,0.0,1.0,0
838,3,29.69911764705882,0,0,8.05,12,0.0,1.0,0.0,0.0,0.0,1.0,0
839,3,32.0,0,0,56.4958,12,0.0,1.0,0.0,0.0,0.0,1.0,1
840,1,29.69911764705882,0,0,29.7,12,0.0,1.0,0.0,1.0,0.0,0.0,1
841,3,20.0,0,0,7.925,12,0.0,1.0,0.0,0.0,0.0,1.0,0
842,2,16.0,0,0,10.5,12,0.0,1.0,0.0,0.0,0.0,1.0,0
843,1,30.0,0,0,31.0,9,1.0,0.0,0.0,1.0,0.0,0.0,1
844,3,34.5,0,0,6.4375,12,0.0,1.0,0.0,1.0,0.0,0.0,0
845,3,17.0,0,0,8.6625,12,0.0,1.0,0.0,0.0,0.0,1.0,0
846,3,42.0,0,0,7.55,12,0.0,1.0,0.0,0.0,0.0,1.0,0
847,3,29.69911764705882,8,2,69.55,12,0.0,1.0,0.0,0.0,0.0,1.0,0
848,3,35.0,0,0,7.8958,12,0.0,1.0,0.0,1.0,0.0,0.0,0
849,2,28.0,0,1,33.0,15,0.0,1.0,0.0,0.0,0.0,1.0,0
850,1,29.69911764705882,1,0,89.1042,13,1.0,0.0,0.0,1.0,0.0,0.0,1
851,3,4.0,4,2,31.275,8,0.0,1.0,0.0,0.0,0.0,1.0,0
852,3,74.0,0,0,7.775,12,0.0,1.0,0.0,0.0,0.0,1.0,0
853,3,9.0,1,1,15.2458,9,1.0,0.0,0.0,1.0,0.0,0.0,0
854,1,16.0,0,1,39.4,9,1.0,0.0,0.0,0.0,0.0,1.0,1
855,2,44.0,1,0,26.0,13,1.0,0.0,0.0,0.0,0.0,1.0,0
856,3,18.0,0,1,9.35,13,1.0,0.0,0.0,0.0,0.0,1.0,1
857,1,45.0,1,1,164.8667,13,1.0,0.0,0.0,0.0,0.0,1.0,1
858,1,51.0,0,0,26.55,12,0.0,1.0,0.0,0.0,0.0,1.0,1
859,3,24.0,0,3,19.2583,13,1.0,0.0,0.0,1.0,0.0,0.0,1
860,3,29.69911764705882,0,0,7.2292,12,0.0,1.0,0.0,1.0,0.0,0.0,0
861,3,41.0,2,0,14.1083,12,0.0,1.0,0.0,0.0,0.0,1.0,0
862,2,21.0,1,0,11.5,12,0.0,1.0,0.0,0.0,0.0,1.0,0
863,1,48.0,0,0,25.9292,13,1.0,0.0,0.0,0.0,0.0,1.0,1
864,3,29.69911764705882,8,2,69.55,9,1.0,0.0,0.0,0.0,0.0,1.0,0
865,2,24.0,0,0,13.0,12,0.0,1.0,0.0,0.0,0.0,1.0,0
866,2,42.0,0,0,13.0,13,1.0,0.0,0.0,0.0,0.0,1.0,1
867,2,27.0,1,0,13.8583,9,1.0,0.0,0.0,1.0,0.0,0.0,1
868,1,31.0,0,0,50.4958,12,0.0,1.0,0.0,0.0,0.0,1.0,0
869,3,29.69911764705882,0,0,9.5,12,0.0,1.0,0.0,0.0,0.0,1.0,0
870,3,4.0,1,1,11.1333,8,0.0,1.0,0.0,0.0,0.0,1.0,1
871,3,26.0,0,0,7.8958,12,0.0,1.0,0.0,0.0,0.0,1.0,0
872,1,47.0,1,1,52.5542,13,1.0,0.0,0.0,0.0,0.0,1.0,1
873,1,33.0,0,0,5.0,12,0.0,1.0,0.0,0.0,0.0,1.0,0
874,3,47.0,0,0,9.0,12,0.0,1.0,0.0,0.0,0.0,1.0,0
875,2,28.0,1,0,24.0,13,1.0,0.0,0.0,1.0,0.0,0.0,1
876,3,15.0,0,0,7.225,9,1.0,0.0,0.0,1.0,0.0,0.0,1
877,3,20.0,0,0,9.8458,12,0.0,1.0,0.0,0.0,0.0,1.0,0
878,3,19.0,0,0,7.8958,12,0.0,1.0,0.0,0.0,0.0,1.0,0
879,3,29.69911764705882,0,0,7.8958,12,0.0,1.0,0.0,0.0,0.0,1.0,0
880,1,56.0,0,1,83.1583,13,1.0,0.0,0.0,1.0,0.0,0.0,1
881,2,25.0,0,1,26.0,13,1.0,0.0,0.0,0.0,0.0,1.0,1
882,3,33.0,0,0,7.8958,12,0.0,1.0,0.0,0.0,0.0,1.0,0
883,3,22.0,0,0,10.5167,9,1.0,0.0,0.0,0.0,0.0,1.0,0
884,2,28.0,0,0,10.5,12,0.0,1.0,0.0,0.0,0.0,1.0,0
885,3,25.0,0,0,7.05,12,0.0,1.0,0.0,0.0,0.0,1.0,0
886,3,39.0,0,5,29.125,13,1.0,0.0,0.0,0.0,1.0,0.0,0
887,2,27.0,0,0,13.0,15,0.0,1.0,0.0,0.0,0.0,1.0,0
888,1,19.0,0,0,30.0,9,1.0,0.0,0.0,0.0,0.0,1.0,1
889,3,29.69911764705882,1,2,23.45,9,1.0,0.0,0.0,0.0,0.0,1.0,0
890,1,26.0,0,0,30.0,12,0.0,1.0,0.0,1.0,0.0,0.0,1
891,3,32.0,0,0,7.75,12,0.0,1.0,0.0,0.0,1.0,0.0,0
